type,link
website,https://occ.gov/news-issuances/bulletins/2024/bulletin-2024-34.html
pdf,https://occ.gov/news-issuances/speeches/2024/pub-speech-2024-132.pdf
website,https://occ.gov/news-issuances/news-releases/2025/nr-ia-2025-53.html
pdf,https://occ.gov/news-issuances/news-releases/2025/nr-ia-2025-53a.pdf
website,https://www.occ.gov/topics/consumers-and-communities/consumer-protection/fraud-resources/check-fraud.html
website,https://www.occ.gov/topics/consumers-and-communities/consumer-protection/fraud-resources/consumer-product-and-retail-fraud.html
website,https://www.occ.gov/topics/consumers-and-communities/consumer-protection/fraud-resources/credit-card-and-debit-card-fraud.html
website,https://www.occ.gov/topics/consumers-and-communities/consumer-protection/fraud-resources/debt-collection-fraud.html
website,https://www.occ.gov/topics/consumers-and-communities/consumer-protection/fraud-resources/types-of-consumer-fraud.html
website,https://www.occ.gov/topics/consumers-and-communities/consumer-protection/fraud-resources/financial-and-investment-fraud-.html
website,https://www.occ.gov/topics/consumers-and-communities/consumer-protection/fraud-resources/holiday-and-gift-card-scams.html
website,https://www.occ.gov/topics/consumers-and-communities/consumer-protection/fraud-resources/identity-theft.html
website,https://www.occ.gov/topics/consumers-and-communities/consumer-protection/fraud-resources/imposter-scams.html
website,https://www.occ.gov/topics/consumers-and-communities/consumer-protection/fraud-resources/mortgage-fraud.html
website,https://www.occ.gov/topics/consumers-and-communities/consumer-protection/fraud-resources/online-and-digital-scams.html
website,https://occ.gov/news-issuances/bulletins/2024/bulletin-2024-19.html
website,https://occ.gov/topics/supervision-and-examination/bsa/index-bsa.html
website,https://occ.gov/news-issuances/news-releases/2025/nr-occ-2025-90.html
website,https://occ.gov/news-issuances/bulletins/2025/bulletin-2025-12.html
website,https://www.occ.gov/news-issuances/bulletins/2019/bulletin-2019-37.html
website,https://occ.gov/news-issuances/bulletins/2024/bulletin-2024-29.html
website,https://occ.gov/news-issuances/news-releases/2022/nr-occ-2022-21.html
website,https://occ.gov/news-issuances/bulletins/2020/bulletin-2020-107.html
website,https://occ.gov/news-issuances/news-releases/2025/nr-occ-2025-7.html
pdf,https://occ.gov/news-issuances/news-releases/2025/nr-ia-2025-103a.pdf
website,https://occ.gov/news-issuances/bulletins/2025/bulletin-2025-25.html
website,https://occ.gov/news-issuances/bulletins/2025/bulletin-2025-24.html
website,https://occ.gov/news-issuances/bulletins/2025/bulletin-2025-16.html
website,https://occ.gov/news-issuances/news-releases/2025/nr-ia-2025-4.html
website,https://occ.gov/news-issuances/news-releases/2025/nr-ia-2025-107.html
pdf,https://occ.gov/news-issuances/news-releases/2025/nr-ia-2025-107b.pdf
website,https://occ.gov/news-issuances/news-releases/2025/nr-occ-2025-106.html
website,https://occ.gov/news-issuances/news-releases/2025/nr-occ-2025-105.html
website,https://occ.gov/news-issuances/news-releases/2025/nr-occ-2025-104.html
pdf,https://occ.gov/news-issuances/news-releases/2025/nr-occ-2025-104a.pdf
website,https://occ.gov/news-issuances/news-releases/2025/nr-ia-2025-103.html
pdf,https://occ.gov/news-issuances/news-releases/2025/nr-ia-2025-103a.pdf
website,https://occ.gov/news-issuances/news-releases/2025/nr-occ-2025-102.html
website,https://occ.gov/news-issuances/news-releases/2025/nr-occ-2025-101.html
pdf,https://occ.gov/news-issuances/news-releases/2025/nr-occ-2025-101a.pdf
website,https://occ.gov/news-issuances/news-releases/2025/nr-occ-2025-100.html
website,https://occ.gov/news-issuances/news-releases/2025/nr-occ-2025-99.html
website,https://occ.gov/news-issuances/news-releases/2025/nr-ia-2025-98.html
pdf,https://occ.gov/news-issuances/news-releases/2025/nr-ia-2025-98a.pdf
website,https://occ.gov/news-issuances/news-releases/2025/nr-ia-2025-97.html
pdf,https://occ.gov/news-issuances/news-releases/2025/nr-ia-2025-97a.pdf
website,https://occ.gov/news-issuances/news-releases/2025/nr-occ-2025-96.html
website,https://occ.gov/news-issuances/news-releases/2025/nr-occ-2025-95.html
website,https://occ.gov/news-issuances/news-releases/2025/nr-occ-2025-94.html
website,https://occ.gov/news-issuances/news-releases/2025/nr-ia-2025-93.html
website,https://www.govinfo.gov/content/pkg/FR-2022-05-31/pdf/2022-10414.pdf
website,https://occ.gov/news-issuances/news-releases/2025/nr-occ-2025-92.html
website,https://occ.gov/publications-and-resources/publications/quarterly-report-on-bank-trading-and-derivatives-activities/files/pub-derivatives-quarterly-qtr2-2025.pdf
website,https://occ.gov/news-issuances/news-releases/2025/nr-occ-2025-91.html
website,https://occ.gov/news-issuances/news-releases/2025/nr-occ-2025-90.html
website,https://occ.gov/news-issuances/news-releases/2025/nr-occ-2025-89.html
website,https://occ.gov/news-issuances/news-releases/2025/nr-occ-2025-88.html
pdf,https://occ.gov/news-issuances/news-releases/2025/nr-occ-2025-88a.pdf
website,https://occ.gov/news-issuances/news-releases/2025/nr-ia-2025-87.html
website,https://occ.gov/news-issuances/news-releases/2025/nr-occ-2025-86.html
website,https://occ.gov/news-issuances/news-releases/2025/nr-occ-2025-85.html
website,https://occ.gov/news-issuances/news-releases/2025/nr-occ-2025-84.html
website,https://occ.gov/news-issuances/news-releases/2025/nr-occ-2025-83.html
website,https://occ.gov/news-issuances/news-releases/2025/nr-occ-2025-82.html
website,https://occ.gov/news-issuances/news-releases/2025/nr-occ-2025-81.html
website,https://occ.gov/news-issuances/news-releases/2025/nr-occ-2025-80.html
website,https://occ.gov/news-issuances/news-releases/2025/nr-occ-2025-79.html
website,https://occ.gov/news-issuances/news-releases/2025/nr-occ-2025-78.html
website,https://occ.gov/news-issuances/news-releases/2025/nr-occ-2025-77.html
website,https://occ.gov/news-issuances/news-releases/2025/nr-occ-2025-76.html
website,https://occ.gov/news-issuances/news-releases/2025/nr-ia-2025-74.html
pdf,https://occ.gov/news-issuances/news-releases/2025/nr-ia-2025-74a.pdf
website,https://occ.gov/news-issuances/news-releases/2025/nr-occ-2025-73.html
website,https://occ.gov/news-issuances/news-releases/2025/nr-occ-2025-72.html
website,https://occ.gov/news-issuances/news-releases/2025/nr-ia-2025-71.html
pdf,https://occ.gov/news-issuances/news-releases/2025/nr-ia-2025-71a.pdf
website,https://occ.gov/news-issuances/news-releases/2025/nr-occ-2025-70.html
website,https://occ.gov/news-issuances/news-releases/2025/nr-occ-2025-69.html
website,https://occ.gov/news-issuances/news-releases/2025/nr-ia-2025-68.html
pdf,https://occ.gov/news-issuances/news-releases/2025/nr-ia-2025-68a.pdf
website,https://occ.gov/news-issuances/news-releases/2025/nr-occ-2025-67.html
website,https://occ.gov/news-issuances/news-releases/2025/nr-occ-2025-66.html
pdf,https://occ.gov/news-issuances/news-releases/2025/nr-occ-2025-66a.pdf
website,https://occ.gov/news-issuances/news-releases/2025/nr-occ-2025-65.html
pdf,https://occ.gov/news-issuances/speeches/2025/pub-speech-2025-65.pdf
website,https://occ.gov/news-issuances/news-releases/2025/nr-occ-2025-64.html
website,https://occ.gov/news-issuances/news-releases/2025/nr-occ-2025-63.html
pdf,https://occ.gov/publications-and-resources/publications/semiannual-risk-perspective/files/pub-semiannual-risk-perspective-spring-2025.pdf
website,https://occ.gov/news-issuances/news-releases/2025/nr-occ-2025-62.html
website,https://occ.gov/news-issuances/news-releases/2025/nr-occ-2025-61.html
website,https://occ.gov/news-issuances/news-releases/2025/nr-ia-2025-60.html
pdf,https://occ.gov/news-issuances/news-releases/2025/nr-ia-2025-60a.pdf
website,https://occ.gov/news-issuances/news-releases/2025/nr-ia-2025-59.html
pdf,https://occ.gov/news-issuances/federal-register/2025/90fr30780.pdf
website,https://occ.gov/news-issuances/news-releases/2025/nr-ia-2025-58.html
website,https://occ.gov/news-issuances/news-releases/2025/nr-occ-2025-57.html
website,https://occ.gov/news-issuances/news-releases/2025/nr-occ-2025-56.html
pdf,https://occ.gov/publications-and-resources/publications/quarterly-report-on-bank-trading-and-derivatives-activities/files/pub-derivatives-quarterly-qtr1-2025.pdf
website,https://occ.gov/news-issuances/news-releases/2025/nr-occ-2025-55.html
pdf,https://occ.gov/publications-and-resources/publications/mortgage-metrics-reports/files/pub-mortgage-metrics-q1-2025.pdf
website,https://occ.gov/news-issuances/news-releases/2025/nr-occ-2025-54.html
website,https://occ.gov/news-issuances/news-releases/2025/nr-ia-2025-53.html
pdf,https://occ.gov/news-issuances/news-releases/2025/nr-ia-2025-53a.pdf
website,https://occ.gov/news-issuances/news-releases/2025/nr-occ-2025-52.html
pdf,https://occ.gov/news-issuances/news-releases/2025/nr-occ-2025-52a.pdf
website,https://occ.gov/news-issuances/news-releases/2025/nr-occ-2025-51.html
pdf,https://occ.gov/news-issuances/speeches/2025/pub-speech-2025-51.pdf
website,https://occ.gov/news-issuances/news-releases/2025/nr-occ-2025-50.html
website,https://occ.gov/news-issuances/news-releases/2025/nr-occ-2025-49.html
pdf,https://occ.gov/news-issuances/speeches/2025/pub-speech-2025-49.pdf
website,https://occ.gov/news-issuances/news-releases/2025/nr-occ-2025-48.html
website,https://occ.gov/news-issuances/news-releases/2025/nr-occ-2025-47.html
website,https://occ.gov/news-issuances/news-releases/2025/nr-occ-2025-46.html
website,https://occ.gov/news-issuances/news-releases/2025/nr-ia-2025-45.html
pdf,https://occ.gov/news-issuances/news-releases/2025/nr-ia-2025-45a.pdf
website,https://occ.gov/news-issuances/news-releases/2025/nr-occ-2025-44.html
pdf,https://occ.gov/news-issuances/news-releases/2025/nr-occ-2025-44a.pdf
website,https://occ.gov/news-issuances/news-releases/2025/nr-occ-2025-43.html
pdf,https://occ.gov/news-issuances/speeches/2025/pub-speech-2025-43.pdf
website,https://occ.gov/news-issuances/news-releases/2025/nr-occ-2025-42.html
pdf,https://occ.gov/topics/charters-and-licensing/interpretations-and-actions/2025/int1184.pdf
pdf,https://occ.gov/topics/charters-and-licensing/interpretations-and-actions/2020/int1170.pdf
pdf,https://occ.gov/topics/charters-and-licensing/interpretations-and-actions/2025/int1183.pdf
website,https://occ.gov/news-issuances/news-releases/2025/nr-occ-2025-41.html
pdf,https://occ.gov/news-issuances/news-releases/2025/nr-occ-2025-41a.pdf
website,https://occ.gov/news-issuances/news-releases/2025/nr-occ-2025-40.html
pdf,https://occ.gov/news-issuances/speeches/2025/pub-speech-2025-40.pdf
website,https://occ.gov/news-issuances/news-releases/2025/nr-occ-2025-39.html
website,https://occ.gov/news-issuances/news-releases/2025/nr-occ-2025-38.html
pdf,https://occ.gov/news-issuances/speeches/2025/pub-speech-2025-38.pdf
website,https://occ.gov/news-issuances/news-releases/2025/nr-occ-2025-37.html
pdf,https://www.occ.gov/static/enforcement-actions/eaN20-001.pdf
pdf,https://www.occ.gov/static/enforcement-actions/eaAA-EC-2019-71.pdf
pdf,https://www.occ.gov/static/enforcement-actions/eaAA-EC-2019-72.pdf
website,https://occ.gov/news-issuances/news-releases/2025/nr-occ-2025-36.html
pdf,https://occ.gov/news-issuances/news-releases/2025/nr-occ-2025-36a.pdf
website,https://occ.gov/news-issuances/news-releases/2025/nr-occ-2025-35.html
website,https://occ.gov/news-issuances/news-releases/2025/nr-occ-2025-34.html
website,https://occ.gov/news-issuances/news-releases/2025/nr-occ-2025-33.html
pdf,https://occ.gov/news-issuances/speeches/2025/pub-speech-2025-33.pdf
website,https://occ.gov/news-issuances/news-releases/2025/nr-occ-2025-32.html
pdf,https://occ.gov/news-issuances/news-releases/2025/nr-occ-2025-32a.pdf
website,https://occ.gov/news-issuances/news-releases/2025/nr-ia-2025-31.html
pdf,https://occ.gov/news-issuances/news-releases/2025/nr-ia-2025-31a.pdf
website,https://occ.gov/news-issuances/news-releases/2025/nr-occ-2025-30.html
website,https://occ.gov/news-issuances/news-releases/2025/nr-occ-2025-29.html
website,https://occ.gov/news-issuances/news-releases/2025/nr-occ-2025-28.html
website,https://occ.gov/news-issuances/news-releases/2025/nr-occ-2025-27.html
website,https://occ.gov/news-issuances/news-releases/2025/nr-ia-2025-26.html
website,https://occ.gov/news-issuances/news-releases/2025/nr-occ-2025-25.html
pdf,https://occ.gov/news-issuances/speeches/2025/pub-speech-2025-25.pdf
website,https://occ.gov/news-issuances/news-releases/2025/nr-occ-2025-24.html
pdf,https://occ.gov/news-issuances/speeches/2025/pub-speech-2025-24.pdf
website,https://occ.gov/news-issuances/news-releases/2025/nr-occ-2025-23.html
pdf,https://occ.gov/publications-and-resources/publications/mortgage-metrics-reports/files/pub-mortgage-metrics-q4-2024.pdf
website,https://occ.gov/news-issuances/news-releases/2025/nr-occ-2025-22.html
pdf,https://occ.gov/publications-and-resources/publications/quarterly-report-on-bank-trading-and-derivatives-activities/files/pub-derivatives-quarterly-qtr4-2024.pdf
website,https://occ.gov/news-issuances/news-releases/2025/nr-occ-2025-21.html
website,https://occ.gov/news-issuances/news-releases/2025/nr-occ-2025-20.html
website,https://occ.gov/news-issuances/news-releases/2025/nr-occ-2025-19.html
pdf,https://occ.gov/topics/charters-and-licensing/interpretations-and-actions/2025/ca1333.pdf
website,https://occ.gov/news-issuances/news-releases/2025/nr-occ-2025-18.html
website,https://occ.gov/news-issuances/news-releases/2025/nr-ia-2025-17.html
pdf,https://occ.gov/publications-and-resources/publications/shared-national-credit-report/files/shared-national-credit-report-2024.pdf
website,https://occ.gov/news-issuances/news-releases/2025/nr-occ-2025-16.html
website,https://occ.gov/news-issuances/news-releases/2025/nr-occ-2025-15.html
website,https://occ.gov/news-issuances/news-releases/2025/nr-occ-2025-14.html
website,https://occ.gov/news-issuances/news-releases/2025/nr-occ-2025-13.html
website,https://occ.gov/news-issuances/news-releases/2025/nr-occ-2025-12.html
website,https://occ.gov/news-issuances/news-releases/2025/nr-occ-2025-11.html
website,https://occ.gov/publications-and-resources/forms/dodd-frank-act-stress-test/index-dodd-frank-act-stress-test.html
website,https://occ.gov/news-issuances/news-releases/2025/nr-occ-2025-10.html
website,https://occ.gov/news-issuances/news-releases/2025/nr-occ-2025-9.html
website,https://occ.gov/news-issuances/news-releases/2025/nr-occ-2025-8.html
website,https://occ.gov/news-issuances/news-releases/2025/nr-occ-2025-7.html
website,https://occ.gov/news-issuances/news-releases/2025/nr-ia-2025-6.html
website,https://occ.gov/news-issuances/news-releases/2025/nr-occ-2025-5.html
website,https://occ.gov/news-issuances/news-releases/2025/nr-ia-2025-4.html
website,https://occ.gov/news-issuances/news-releases/2025/nr-occ-2025-3.html
website,https://occ.gov/news-issuances/news-releases/2025/nr-occ-2025-2.html
pdf,https://occ.gov/news-issuances/news-releases/2025/nr-occ-2025-2a.pdf
website,https://occ.gov/news-issuances/news-releases/2025/nr-occ-2025-1.html
webstite,https://occ.gov/news-issuances/bulletins/2024/bulletin-2024-37.html
pdf,https://occ.gov/news-issuances/bulletins/2024/bulletin-2024-37a.pdf
webstite,https://occ.gov/news-issuances/bulletins/2024/bulletin-2024-36.html
webstite,https://occ.gov/news-issuances/news-releases/2024/nr-occ-2024-140.html
pdf,https://www.occ.gov/static/enforcement-actions/eaAA-ENF-2024-56.pdf
webstite,https://occ.gov/news-issuances/news-releases/2024/nr-occ-2024-138.html
webstite,https://occ.gov/news-issuances/news-releases/2024/nr-occ-2024-137.html
pdf,https://www.occ.gov/static/enforcement-actions/eaAA-ENF-2024-96.pdf
webstite,https://occ.gov/news-issuances/news-releases/2024/nr-occ-2024-136.html
pdf,https://occ.gov/publications-and-resources/publications/mortgage-metrics-reports/files/pub-mortgage-metrics-q3-2024.pdf
webstite,https://occ.gov/news-issuances/news-releases/2024/nr-occ-2024-135.html
pdf,https://occ.gov/publications-and-resources/publications/semiannual-risk-perspective/files/pub-semiannual-risk-perspective-fall-2024.pdf
webstite,https://occ.gov/news-issuances/news-releases/2024/nr-ia-2024-134.html
webstite,https://occ.gov/news-issuances/news-releases/2024/nr-occ-2024-133.html
pdf,https://occ.gov/publications-and-resources/publications/quarterly-report-on-bank-trading-and-derivatives-activities/files/pub-derivatives-quarterly-qtr3-2024.pdf
webstite,https://occ.gov/news-issuances/news-releases/2024/nr-occ-2024-132.html
pdf,https://occ.gov/news-issuances/speeches/2024/pub-speech-2024-132.pdf
webstite,https://occ.gov/news-issuances/bulletins/2024/bulletin-2024-35.html
pdf,https://www.govinfo.gov/content/pkg/FR-2024-12-11/pdf/2024-28939.pdf
webstite,https://occ.gov/news-issuances/news-releases/2024/nr-occ-2024-131.html
webstite,https://occ.gov/news-issuances/bulletins/2024/bulletin-2024-34.html
pdf,https://occ.gov/news-issuances/news-releases/2024/nr-ia-2024-130a.pdf
webstite,https://occ.gov/news-issuances/news-releases/2024/nr-ia-2024-130.html
webstite,https://occ.gov/news-issuances/news-releases/2024/nr-ia-2024-129.html
pdf,https://occ.gov/news-issuances/federal-register/2024/nr-ia-2024-129a-federal-register.pdf
webstite,https://occ.gov/news-issuances/bulletins/2024/bulletin-2024-33.html
webstite,https://occ.gov/news-issuances/news-releases/2024/nr-occ-2024-128.html
webstite,https://occ.gov/news-issuances/news-releases/2024/nr-occ-2024-127.html
webstite,https://occ.gov/news-issuances/bulletins/2024/bulletin-2024-32.html
webstite,https://occ.gov/news-issuances/news-releases/2024/nr-occ-2024-126.html
webstite,https://occ.gov/news-issuances/news-releases/2024/nr-occ-2024-125.html
webstite,https://occ.gov/news-issuances/news-releases/2024/nr-occ-2024-124.html
pdf,https://occ.gov/news-issuances/congressional-testimony/2024/ct-occ-2024-124-oral.pdf
pdf,https://occ.gov/news-issuances/congressional-testimony/2024/ct-occ-2024-124-written.pdf
webstite,https://occ.gov/news-issuances/news-releases/2024/nr-occ-2024-123.html
webstite,https://occ.gov/news-issuances/news-releases/2024/nr-occ-2024-122.html
webstite,https://occ.gov/news-issuances/news-releases/2024/nr-occ-2024-121.html
pdf,https://occ.gov/news-issuances/speeches/2024/pub-speech-2024-121.pdf
webstite,https://occ.gov/news-issuances/bulletins/2024/bulletin-2024-31.html
webstite,https://occ.gov/news-issuances/news-releases/2024/nr-occ-2024-120.html
pdf,https://occ.gov/news-issuances/news-releases/2024/nr-occ-2024-120a.pdf
webstite,https://occ.gov/news-issuances/news-releases/2024/nr-occ-2024-119.html
webstite,https://occ.gov/news-issuances/news-releases/2024/nr-occ-2024-118.html
webstite,https://occ.gov/news-issuances/news-releases/2024/nr-ia-2024-117.html
webstite,https://occ.gov/news-issuances/news-releases/2024/nr-occ-2024-116.html
webstite,https://occ.gov/news-issuances/news-releases/2024/nr-occ-2024-115.html
webstite,https://occ.gov/news-issuances/news-releases/2024/nr-occ-2024-114.html
pdf,https://occ.gov/news-issuances/news-releases/2024/nr-occ-2024-114a.pdf
webstite,https://occ.gov/news-issuances/news-releases/2024/nr-ia-2024-113.html
pdf,https://occ.gov/news-issuances/news-releases/2024/nr-ia-2024-113a.pdf
webstite,https://occ.gov/news-issuances/bulletins/2024/bulletin-2024-29.html
webstite,https://occ.gov/news-issuances/news-releases/2024/nr-ia-2024-112.html
webstite,https://occ.gov/news-issuances/news-releases/2024/nr-occ-2024-111.html
pdf,https://occ.gov/news-issuances/news-releases/2024/nr-occ-2024-111a.pdf
webstite,https://occ.gov/news-issuances/news-releases/2024/nr-occ-2024-110.html
webstite,https://occ.gov/news-issuances/news-releases/2024/nr-occ-2024-109.html
pdf,https://occ.gov/news-issuances/news-releases/2024/nr-occ-2024-109a.pdf
webstite,https://occ.gov/news-issuances/news-releases/2024/nr-occ-2024-108.html
webstite,https://occ.gov/news-issuances/news-releases/2024/nr-occ-2024-107.html
pdf,https://occ.gov/news-issuances/speeches/2024/pub-speech-2024-107.pdf
webstite,https://occ.gov/news-issuances/news-releases/2024/nr-occ-2024-106.html
webstite,https://occ.gov/news-issuances/news-releases/2024/nr-occ-2024-105.html
pdf,https://occ.gov/publications-and-resources/publications/quarterly-report-on-bank-trading-and-derivatives-activities/files/pub-derivatives-quarterly-qtr2-2024.pdf
webstite,https://occ.gov/news-issuances/news-releases/2024/nr-occ-2024-104.html
webstite,https://occ.gov/news-issuances/news-releases/2024/nr-occ-2024-103.html
pdf,https://occ.gov/publications-and-resources/publications/mortgage-metrics-reports/files/pub-mortgage-metrics-q2-2024.pdf
webstite,https://occ.gov/news-issuances/news-releases/2024/nr-occ-2024-102.html
webstite,https://occ.gov/news-issuances/news-releases/2024/nr-occ-2024-101.html
pdf,https://occ.gov/news-issuances/federal-register/2024/nr-occ-2024-101a-federal-register.pdf
webstite,https://occ.gov/news-issuances/bulletins/2024/bulletin-2024-27.html
webstite,https://occ.gov/news-issuances/news-releases/2024/nr-ia-2024-100.html
pdf,https://occ.gov/news-issuances/news-releases/2024/nr-ia-2024-100a.pdf
webstite,https://occ.gov/news-issuances/news-releases/2024/nr-occ-2024-99.html
pdf,https://www.occ.gov/static/enforcement-actions/eaAA-ENF-2024-72.pdf
webstite,https://occ.gov/news-issuances/news-releases/2024/nr-occ-2024-98.html
pdf,https://occ.gov/news-issuances/news-releases/2024/nr-occ-2024-98a.pdf
webstite,https://occ.gov/news-issuances/bulletins/2024/bulletin-2024-26.html
webstite,https://occ.gov/news-issuances/news-releases/2024/nr-occ-2024-97.html
webstite,https://occ.gov/news-issuances/news-releases/2024/nr-occ-2024-96.html
webstite,https://occ.gov/news-issuances/news-releases/2024/nr-occ-2024-95.html
pdf,https://occ.gov/news-issuances/speeches/2024/pub-speech-2024-95.pdf
webstite,https://occ.gov/news-issuances/bulletins/2024/bulletin-2024-25.html
webstite,https://occ.gov/news-issuances/news-releases/2024/nr-occ-2024-94.html
webstite,https://occ.gov/news-issuances/news-releases/2024/nr-occ-2024-93.html
webstite,https://occ.gov/news-issuances/bulletins/2024/bulletin-2024-24.html
webstite,https://occ.gov/news-issuances/news-releases/2024/nr-occ-2024-91.html
webstite,https://occ.gov/news-issuances/news-releases/2024/nr-occ-2024-90.html
webstite,https://occ.gov/news-issuances/news-releases/2024/nr-occ-2024-89.html
webstite,https://occ.gov/news-issuances/news-releases/2024/nr-occ-2024-88.html
webstite,https://occ.gov/news-issuances/bulletins/2024/bulletin-2024-22.html
webstite,https://occ.gov/news-issuances/news-releases/2024/nr-occ-2024-87.html
webstite,https://occ.gov/news-issuances/news-releases/2024/nr-occ-2024-86.html
webstite,https://occ.gov/news-issuances/bulletins/2024/bulletin-2024-21.html
webstite,https://occ.gov/news-issuances/news-releases/2024/nr-ia-2024-85.html
webstite,https://occ.gov/news-issuances/bulletins/2024/bulletin-2024-20.html
webstite,https://occ.gov/news-issuances/news-releases/2024/nr-ia-2024-84.html
webstite,https://occ.gov/news-issuances/news-releases/2024/nr-ia-2024-83.html
webstite,https://occ.gov/news-issuances/bulletins/2024/bulletin-2024-19.html
webstite,https://occ.gov/news-issuances/news-releases/2024/nr-ia-2024-82.html
webstite,https://occ.gov/news-issuances/bulletins/2024/bulletin-2024-18.html
webstite,https://occ.gov/news-issuances/news-releases/2024/nr-ia-2024-81.html
webstite,https://occ.gov/news-issuances/news-releases/2024/nr-occ-2024-80.html
webstite,https://occ.gov/news-issuances/news-releases/2024/nr-occ-2024-79.html
pdf,https://occ.gov/news-issuances/speeches/2024/pub-speech-2024-79.pdf
webstite,https://occ.gov/news-issuances/bulletins/2024/bulletin-2024-17.html
webstite,https://occ.gov/news-issuances/news-releases/2024/nr-ia-2024-78.html
webstite,https://occ.gov/news-issuances/news-releases/2024/nr-ia-2024-77.html
webstite,https://occ.gov/news-issuances/news-releases/2024/nr-occ-2024-76.html
pdf,https://occ.gov/news-issuances/speeches/2024/pub-speech-2024-75.pdf
webstite,https://occ.gov/news-issuances/news-releases/2024/nr-occ-2024-75.html
webstite,https://occ.gov/news-issuances/news-releases/2024/nr-occ-2024-74.html
webstite,https://occ.gov/news-issuances/news-releases/2024/nr-occ-2024-73.html
webstite,https://occ.gov/news-issuances/news-releases/2024/nr-occ-2024-72.html
webstite,https://occ.gov/news-issuances/news-releases/2024/nr-occ-2024-71.html
webstite,https://occ.gov/news-issuances/news-releases/2024/nr-occ-2024-70.html
webstite,https://occ.gov/news-issuances/news-releases/2024/nr-occ-2024-69.html
webstite,https://occ.gov/news-issuances/news-releases/2024/nr-occ-2024-68.html
webstite,https://occ.gov/news-issuances/news-releases/2024/nr-occ-2024-67.html
webstite,https://occ.gov/news-issuances/news-releases/2024/nr-occ-2024-66.html
webstite,https://occ.gov/news-issuances/news-releases/2024/nr-occ-2024-65.html
webstite,https://occ.gov/news-issuances/news-releases/2024/nr-occ-2024-63.html
webstite,https://occ.gov/news-issuances/bulletins/2024/bulletin-2024-15.html
webstite,https://occ.gov/news-issuances/news-releases/2024/nr-occ-2024-62.html
webstite,https://occ.gov/news-issuances/bulletins/2024/bulletin-2024-13.html
pdf,https://occ.gov/news-issuances/speeches/2024/pub-speech-2024-61.pdf
webstite,https://occ.gov/news-issuances/news-releases/2024/nr-occ-2024-61.html
webstite,https://occ.gov/news-issuances/news-releases/2024/nr-occ-2024-60.html
pdf,https://occ.gov/news-issuances/speeches/2024/pub-speech-2024-60.pdf
webstite,https://occ.gov/news-issuances/news-releases/2024/nr-occ-2024-59.html
webstite,https://occ.gov/news-issuances/news-releases/2024/nr-occ-2024-58.html
webstite,https://occ.gov/news-issuances/news-releases/2024/nr-ia-2024-57.html
webstite,https://occ.gov/news-issuances/news-releases/2024/nr-occ-2024-56.html
webstite,https://occ.gov/news-issuances/news-releases/2024/nr-occ-2024-55.html
webstite,https://occ.gov/news-issuances/news-releases/2024/nr-occ-2024-54.html
webstite,https://occ.gov/news-issuances/news-releases/2024/nr-occ-2024-53.html
webstite,https://occ.gov/news-issuances/news-releases/2024/nr-occ-2024-52.html
webstite,https://occ.gov/news-issuances/news-releases/2024/nr-occ-2024-51.html
webstite,https://occ.gov/news-issuances/news-releases/2024/nr-ia-2024-50.html
webstite,https://occ.gov/news-issuances/news-releases/2024/nr-occ-2024-49.html
webstite,https://occ.gov/news-issuances/bulletins/2024/bulletin-2024-12.html
webstite,https://occ.gov/news-issuances/news-releases/2024/nr-occ-2024-48.html
webstite,https://occ.gov/news-issuances/news-releases/2024/nr-ia-2024-47.html
webstite,https://occ.gov/news-issuances/news-releases/2024/nr-ia-2024-46.html
webstite,https://occ.gov/news-issuances/bulletins/2024/bulletin-2024-11.html
webstite,https://occ.gov/news-issuances/news-releases/2024/nr-occ-2024-45.html
webstite,https://occ.gov/news-issuances/news-releases/2024/nr-occ-2024-44.html
webstite,https://occ.gov/news-issuances/news-releases/2024/nr-occ-2024-43.html
webstite,https://occ.gov/news-issuances/news-releases/2024/nr-occ-2024-42.html
webstite,https://occ.gov/news-issuances/news-releases/2024/nr-occ-2024-41.html
webstite,https://occ.gov/news-issuances/news-releases/2024/nr-occ-2024-40.html
webstite,https://occ.gov/news-issuances/news-releases/2024/nr-occ-2024-39.html
webstite,https://occ.gov/news-issuances/news-releases/2024/nr-occ-2024-38.html
webstite,https://occ.gov/news-issuances/news-releases/2024/nr-occ-2024-37.html
webstite,https://occ.gov/news-issuances/news-releases/2024/nr-occ-2024-36.html
webstite,https://occ.gov/news-issuances/news-releases/2024/nr-occ-2024-35.html
webstite,https://occ.gov/news-issuances/news-releases/2024/nr-occ-2024-34.html
webstite,https://occ.gov/news-issuances/news-releases/2024/nr-occ-2024-33.html
webstite,https://occ.gov/news-issuances/news-releases/2024/nr-ia-2024-32.html
webstite,https://occ.gov/news-issuances/news-releases/2024/nr-occ-2024-31.html
webstite,https://occ.gov/news-issuances/news-releases/2024/nr-occ-2024-30.html
webstite,https://occ.gov/news-issuances/bulletins/2024/bulletin-2024-9.html
webstite,https://occ.gov/news-issuances/news-releases/2024/nr-occ-2024-29.html
webstite,https://occ.gov/news-issuances/news-releases/2024/nr-occ-2024-28.html
webstite,https://occ.gov/news-issuances/news-releases/2024/nr-occ-2024-27.html
webstite,https://occ.gov/news-issuances/news-releases/2024/nr-occ-2024-26.html
webstite,https://occ.gov/news-issuances/news-releases/2024/nr-occ-2024-25.html
webstite,https://occ.gov/news-issuances/bulletins/2024/bulletin-2024-8.html
webstite,https://occ.gov/news-issuances/news-releases/2024/nr-ia-2024-24.html
webstite,https://occ.gov/news-issuances/news-releases/2024/nr-occ-2024-23.html
webstite,https://occ.gov/news-issuances/news-releases/2024/nr-occ-2024-22.html
webstite,https://occ.gov/news-issuances/news-releases/2024/nr-ia-2024-21.html
webstite,https://occ.gov/news-issuances/news-releases/2024/nr-occ-2024-20.html
webstite,https://occ.gov/news-issuances/bulletins/2024/bulletin-2024-7.html
webstite,https://occ.gov/news-issuances/news-releases/2024/nr-occ-2024-19.html
webstite,https://occ.gov/news-issuances/news-releases/2024/nr-occ-2024-18.html
webstite,https://occ.gov/news-issuances/news-releases/2024/nr-occ-2024-17.html
webstite,https://occ.gov/news-issuances/news-releases/2024/nr-ia-2024-16.html
webstite,https://occ.gov/news-issuances/bulletins/2024/bulletin-2024-6.html
webstite,https://occ.gov/news-issuances/news-releases/2024/nr-occ-2024-15.html
webstite,https://occ.gov/news-issuances/news-releases/2024/nr-occ-2024-14.html
webstite,https://occ.gov/news-issuances/news-releases/2024/nr-occ-2024-13.html
webstite,https://occ.gov/news-issuances/news-releases/2024/nr-occ-2024-12.html
webstite,https://occ.gov/news-issuances/news-releases/2024/nr-occ-2024-11.html
webstite,https://occ.gov/news-issuances/bulletins/2024/bulletin-2024-5.html
webstite,https://occ.gov/news-issuances/news-releases/2024/nr-ia-2024-10.html
webstite,https://occ.gov/news-issuances/news-releases/2024/nr-occ-2024-9.html
webstite,https://occ.gov/news-issuances/news-releases/2024/nr-occ-2024-8.html
webstite,https://occ.gov/news-issuances/news-releases/2024/nr-occ-2024-7.html
webstite,https://occ.gov/news-issuances/news-releases/2024/nr-occ-2024-6.html
webstite,https://occ.gov/news-issuances/news-releases/2024/nr-occ-2024-5.html
webstite,https://occ.gov/news-issuances/news-releases/2024/nr-occ-2024-4.html
webstite,https://occ.gov/news-issuances/news-releases/2024/nr-occ-2024-3.html
webstite,https://occ.gov/news-issuances/bulletins/2024/bulletin-2024-3.html
webstite,https://occ.gov/news-issuances/news-releases/2024/nr-occ-2024-2.html
webstite,https://occ.gov/news-issuances/bulletins/2024/bulletin-2024-2.html
webstite,https://occ.gov/news-issuances/bulletins/2024/bulletin-2024-1.html
webstite,https://occ.gov/news-issuances/news-releases/2024/nr-occ-2024-1.html
webstite,https://occ.gov/news-issuances/bulletins/2023/bulletin-2023-41.html
webstite,https://occ.gov/news-issuances/bulletins/2023/bulletin-2023-40.html
webstite,https://occ.gov/news-issuances/bulletins/2023/bulletin-2023-39.html
webstite,https://occ.gov/news-issuances/news-releases/2023/nr-ia-2023-142.html
webstite,https://occ.gov/news-issuances/news-releases/2023/nr-occ-2023-141.html
webstite,https://occ.gov/news-issuances/news-releases/2023/nr-occ-2023-140.html
webstite,https://occ.gov/news-issuances/news-releases/2023/nr-occ-2023-139.html
webstite,https://occ.gov/news-issuances/news-releases/2023/nr-occ-2023-138.html
webstite,https://occ.gov/news-issuances/news-releases/2023/nr-occ-2023-137.html
webstite,https://occ.gov/news-issuances/news-releases/2023/nr-occ-2023-136.html
webstite,https://occ.gov/news-issuances/news-releases/2023/nr-occ-2023-135.html
webstite,https://occ.gov/news-issuances/news-releases/2023/nr-occ-2023-134.html
webstite,https://occ.gov/news-issuances/bulletins/2023/bulletin-2023-37.html
webstite,https://occ.gov/news-issuances/news-releases/2023/nr-occ-2023-133.html
webstite,https://occ.gov/news-issuances/news-releases/2023/nr-occ-2023-132.html
webstite,https://occ.gov/news-issuances/news-releases/2023/nr-occ-2023-131.html
webstite,https://occ.gov/news-issuances/news-releases/2023/nr-occ-2023-130.html
webstite,https://occ.gov/news-issuances/bulletins/2023/bulletin-2023-36.html
webstite,https://occ.gov/news-issuances/news-releases/2023/nr-occ-2023-129.html
webstite,https://occ.gov/news-issuances/news-releases/2023/nr-occ-2023-128.html
webstite,https://occ.gov/news-issuances/news-releases/2023/nr-ia-2023-127.html
webstite,https://occ.gov/news-issuances/news-releases/2023/nr-occ-2023-126.html
webstite,https://occ.gov/news-issuances/news-releases/2023/nr-occ-2023-125.html
webstite,https://occ.gov/news-issuances/news-releases/2023/nr-occ-2023-124.html
webstite,https://occ.gov/news-issuances/news-releases/2023/nr-occ-2023-123.html
webstite,https://occ.gov/news-issuances/news-releases/2023/nr-ia-2023-122.html
webstite,https://occ.gov/news-issuances/news-releases/2023/nr-occ-2023-121.html
webstite,https://occ.gov/news-issuances/news-releases/2023/nr-occ-2023-120.html
webstite,https://occ.gov/news-issuances/bulletins/2023/bulletin-2023-35.html
webstite,https://occ.gov/news-issuances/bulletins/2023/bulletin-2023-34.html
webstite,https://occ.gov/news-issuances/news-releases/2023/nr-occ-2023-119.html
webstite,https://occ.gov/news-issuances/news-releases/2023/nr-ia-2023-118.html
webstite,https://occ.gov/news-issuances/bulletins/2023/bulletin-2023-33.html
webstite,https://occ.gov/news-issuances/bulletins/2023/bulletin-2023-32.html
webstite,https://occ.gov/news-issuances/news-releases/2023/nr-ia-2023-117.html
webstite,https://occ.gov/news-issuances/news-releases/2023/nr-ia-2023-116.html
webstite,https://occ.gov/news-issuances/news-releases/2023/nr-occ-2023-115.html
webstite,https://occ.gov/news-issuances/news-releases/2023/nr-occ-2023-114.html
webstite,https://occ.gov/news-issuances/news-releases/2023/nr-occ-2023-113.html
webstite,https://occ.gov/news-issuances/news-releases/2023/nr-occ-2023-112.html
webstite,https://occ.gov/news-issuances/news-releases/2023/nr-occ-2023-111.html
webstite,https://occ.gov/news-issuances/news-releases/2023/nr-occ-2023-110.html
webstite,https://occ.gov/news-issuances/news-releases/2023/nr-occ-2023-109.html
webstite,https://occ.gov/news-issuances/bulletins/2023/bulletin-2023-30.html
webstite,https://occ.gov/news-issuances/news-releases/2023/nr-occ-2023-108.html
webstite,https://occ.gov/news-issuances/news-releases/2023/nr-occ-2023-107.html
webstite,https://occ.gov/news-issuances/news-releases/2023/nr-occ-2023-106.html
webstite,https://occ.gov/news-issuances/news-releases/2023/nr-ia-2023-105.html
webstite,https://occ.gov/news-issuances/news-releases/2023/nr-occ-2023-104.html
webstite,https://occ.gov/news-issuances/news-releases/2023/nr-occ-2023-103.html
webstite,https://occ.gov/news-issuances/news-releases/2023/nr-occ-2023-101.html
webstite,https://occ.gov/news-issuances/news-releases/2023/nr-ia-2023-100.html
webstite,https://occ.gov/news-issuances/news-releases/2023/nr-occ-2023-99.html
webstite,https://occ.gov/news-issuances/news-releases/2023/nr-occ-2023-98.html
webstite,https://occ.gov/news-issuances/news-releases/2023/nr-occ-2023-97.html
webstite,https://occ.gov/news-issuances/news-releases/2023/nr-occ-2023-96.html
webstite,https://occ.gov/news-issuances/news-releases/2023/nr-ia-2023-94.html
webstite,https://occ.gov/news-issuances/news-releases/2023/nr-occ-2023-95.html
webstite,https://occ.gov/news-issuances/bulletins/2023/bulletin-2023-29.html
webstite,https://occ.gov/news-issuances/news-releases/2023/nr-occ-2023-93.html
webstite,https://occ.gov/news-issuances/news-releases/2023/nr-occ-2023-92.html
webstite,https://occ.gov/news-issuances/news-releases/2023/nr-ia-2023-91.html
webstite,https://occ.gov/news-issuances/news-releases/2023/nr-occ-2023-90.html
webstite,https://occ.gov/news-issuances/news-releases/2023/nr-ia-2023-89.html
webstite,https://occ.gov/news-issuances/news-releases/2023/nr-occ-2023-88.html
webstite,https://occ.gov/news-issuances/news-releases/2023/nr-occ-2023-87.html
webstite,https://occ.gov/news-issuances/news-releases/2023/nr-occ-2023-86.html
webstite,https://occ.gov/news-issuances/news-releases/2023/nr-occ-2023-85.html
webstite,https://occ.gov/news-issuances/bulletins/2023/bulletin-2023-27.html
webstite,https://occ.gov/news-issuances/news-releases/2023/nr-occ-2023-84.html
webstite,https://occ.gov/news-issuances/bulletins/2023/bulletin-2023-26.html
webstite,https://occ.gov/news-issuances/news-releases/2023/nr-occ-2023-83.html
webstite,https://occ.gov/news-issuances/bulletins/2023/bulletin-2023-25.html
webstite,https://occ.gov/news-issuances/news-releases/2023/nr-ia-2023-82.html
webstite,https://occ.gov/news-issuances/news-releases/2023/nr-occ-2023-81.html
webstite,https://occ.gov/news-issuances/bulletins/2023/bulletin-2023-24.html
webstite,https://occ.gov/news-issuances/news-releases/2023/nr-ia-2023-80.html
webstite,https://occ.gov/news-issuances/news-releases/2023/nr-occ-2023-79.html
webstite,https://occ.gov/news-issuances/news-releases/2023/nr-occ-2023-78.html
webstite,https://occ.gov/news-issuances/news-releases/2023/nr-occ-2023-77.html
webstite,https://occ.gov/news-issuances/news-releases/2023/nr-occ-2023-76.html
webstite,https://occ.gov/news-issuances/news-releases/2023/nr-occ-2023-75.html
webstite,https://occ.gov/news-issuances/news-releases/2023/nr-occ-2023-74.html
webstite,https://occ.gov/news-issuances/news-releases/2023/nr-occ-2023-73.html
webstite,https://occ.gov/news-issuances/news-releases/2023/nr-occ-2023-72.html
webstite,https://occ.gov/news-issuances/news-releases/2023/nr-occ-2023-71.html
webstite,https://occ.gov/news-issuances/news-releases/2023/nr-occ-2023-70.html
webstite,https://occ.gov/news-issuances/news-releases/2023/nr-ia-2023-69.html
webstite,https://occ.gov/news-issuances/bulletins/2023/bulletin-2023-23.html
webstite,https://occ.gov/news-issuances/news-releases/2023/nr-occ-2023-68.html
webstite,https://occ.gov/news-issuances/news-releases/2023/nr-occ-2023-67.html
webstite,https://occ.gov/news-issuances/bulletins/2023/bulletin-2023-22.html
webstite,https://occ.gov/news-issuances/news-releases/2023/nr-ia-2023-66.html
webstite,https://occ.gov/news-issuances/bulletins/2023/bulletin-2023-21.html
webstite,https://occ.gov/news-issuances/bulletins/2023/bulletin-2023-20.html
webstite,https://occ.gov/news-issuances/news-releases/2023/nr-occ-2023-65.html
webstite,https://occ.gov/news-issuances/news-releases/2023/nr-occ-2023-64.html
webstite,https://occ.gov/news-issuances/news-releases/2023/nr-occ-2023-63.html
webstite,https://occ.gov/news-issuances/news-releases/2023/nr-occ-2023-62.html
webstite,https://occ.gov/news-issuances/news-releases/2023/nr-occ-2023-60.html
webstite,https://occ.gov/news-issuances/news-releases/2023/nr-occ-2023-61.html
webstite,https://occ.gov/news-issuances/news-releases/2023/nr-occ-2023-59.html
webstite,https://occ.gov/news-issuances/bulletins/2023/bulletin-2023-19.html
webstite,https://occ.gov/news-issuances/news-releases/2023/nr-occ-2023-58.html
webstite,https://occ.gov/news-issuances/news-releases/2023/nr-occ-2023-57.html
webstite,https://occ.gov/news-issuances/news-releases/2023/nr-ia-2023-56.html
webstite,https://occ.gov/news-issuances/news-releases/2023/nr-occ-2023-55.html
webstite,https://occ.gov/news-issuances/news-releases/2023/nr-occ-2023-54.html
webstite,https://occ.gov/news-issuances/news-releases/2023/nr-ia-2023-53.html
webstite,https://occ.gov/news-issuances/bulletins/2023/bulletin-2023-17.html
webstite,https://occ.gov/news-issuances/news-releases/2023/nr-occ-2023-52.html
webstite,https://occ.gov/news-issuances/news-releases/2023/nr-ia-2023-51.html
webstite,https://occ.gov/news-issuances/news-releases/2023/nr-occ-2023-50.html
webstite,https://occ.gov/news-issuances/bulletins/2023/bulletin-2023-16.html
webstite,https://occ.gov/news-issuances/news-releases/2023/nr-occ-2023-49.html
webstite,https://occ.gov/news-issuances/bulletins/2023/bulletin-2023-15.html
webstite,https://occ.gov/news-issuances/news-releases/2023/nr-occ-2023-48.html
webstite,https://occ.gov/news-issuances/news-releases/2023/nr-ia-2023-47.html
webstite,https://occ.gov/news-issuances/news-releases/2023/nr-occ-2023-46.html
webstite,https://occ.gov/news-issuances/news-releases/2023/nr-occ-2023-45.html
webstite,https://occ.gov/news-issuances/news-releases/2023/nr-occ-2023-44.html
webstite,https://occ.gov/news-issuances/news-releases/2023/nr-occ-2023-43.html
webstite,https://occ.gov/news-issuances/news-releases/2023/nr-occ-2023-42.html
webstite,https://occ.gov/news-issuances/bulletins/2023/bulletin-2023-13.html
webstite,https://occ.gov/news-issuances/bulletins/2023/bulletin-2023-12.html
webstite,https://occ.gov/news-issuances/news-releases/2023/nr-occ-2023-41.html
webstite,https://occ.gov/news-issuances/news-releases/2023/nr-occ-2023-40.html
webstite,https://occ.gov/news-issuances/bulletins/2023/bulletin-2023-11.html
webstite,https://occ.gov/news-issuances/news-releases/2023/nr-occ-2023-39.html
webstite,https://occ.gov/news-issuances/news-releases/2023/nr-occ-2023-38.html
webstite,https://occ.gov/news-issuances/news-releases/2023/nr-occ-2023-37.html
webstite,https://occ.gov/news-issuances/news-releases/2023/nr-occ-2023-36.html
webstite,https://occ.gov/news-issuances/news-releases/2023/nr-occ-2023-35.html
webstite,https://occ.gov/news-issuances/news-releases/2023/nr-occ-2023-34.html
webstite,https://occ.gov/news-issuances/news-releases/2023/nr-occ-2023-33.html
webstite,https://occ.gov/news-issuances/news-releases/2023/nr-occ-2023-32.html
webstite,https://occ.gov/news-issuances/news-releases/2023/nr-occ-2023-31.html
webstite,https://occ.gov/news-issuances/news-releases/2023/nr-occ-2023-30.html
webstite,https://occ.gov/news-issuances/news-releases/2023/nr-occ-2023-29.html
webstite,https://occ.gov/news-issuances/news-releases/2023/nr-occ-2023-28.html
webstite,https://occ.gov/news-issuances/news-releases/2023/nr-occ-2023-27.html
webstite,https://occ.gov/news-issuances/news-releases/2023/nr-occ-2023-26.html
webstite,https://occ.gov/news-issuances/news-releases/2023/nr-occ-2023-25.html
webstite,https://occ.gov/news-issuances/news-releases/2023/nr-occ-2023-24.html
webstite,https://occ.gov/news-issuances/news-releases/2023/nr-occ-2023-23.html
webstite,https://occ.gov/news-issuances/news-releases/2023/nr-occ-2023-22.html
webstite,https://occ.gov/news-issuances/news-releases/2023/nr-occ-2023-21.html
webstite,https://occ.gov/news-issuances/news-releases/2023/nr-occ-2023-20.html
webstite,https://occ.gov/news-issuances/news-releases/2023/nr-ia-2023-19.html
webstite,https://occ.gov/news-issuances/news-releases/2023/nr-ia-2023-18.html
webstite,https://occ.gov/news-issuances/news-releases/2023/nr-occ-2023-17.html
webstite,https://occ.gov/news-issuances/bulletins/2023/bulletin-2023-7.html
webstite,https://occ.gov/news-issuances/news-releases/2023/nr-occ-2023-16.html
webstite,https://occ.gov/news-issuances/news-releases/2023/nr-occ-2023-15.html
webstite,https://occ.gov/news-issuances/news-releases/2023/nr-occ-2023-14.html
webstite,https://occ.gov/news-issuances/news-releases/2023/nr-occ-2023-13.html
webstite,https://occ.gov/news-issuances/bulletins/2023/bulletin-2023-6.html
webstite,https://occ.gov/news-issuances/news-releases/2023/nr-occ-2023-12.html
webstite,https://occ.gov/news-issuances/bulletins/2023/bulletin-2023-5.html
webstite,https://occ.gov/news-issuances/news-releases/2023/nr-occ-2023-11.html
webstite,https://occ.gov/news-issuances/news-releases/2023/nr-occ-2023-10.html
webstite,https://occ.gov/news-issuances/news-releases/2023/nr-occ-2023-9.html
webstite,https://occ.gov/news-issuances/bulletins/2023/bulletin-2023-4.html
webstite,https://occ.gov/news-issuances/news-releases/2023/nr-occ-2023-8.html
webstite,https://occ.gov/news-issuances/news-releases/2023/nr-occ-2023-7.html
webstite,https://occ.gov/news-issuances/bulletins/2023/bulletin-2023-3.html
webstite,https://occ.gov/news-issuances/news-releases/2023/nr-occ-2023-6.html
webstite,https://occ.gov/news-issuances/bulletins/2023/bulletin-2023-2.html
webstite,https://occ.gov/news-issuances/news-releases/2023/nr-occ-2023-5.html
webstite,https://occ.gov/news-issuances/news-releases/2023/nr-occ-2023-4.html
webstite,https://occ.gov/news-issuances/news-releases/2023/nr-occ-2023-3.html
webstite,https://occ.gov/news-issuances/news-releases/2023/nr-occ-2023-2.html
webstite,https://occ.gov/news-issuances/news-releases/2023/nr-ia-2023-1.html
