type,link
website,https://occ.gov/news-issuances/bulletins/2024/bulletin-2024-34.html
pdf,https://occ.gov/news-issuances/speeches/2024/pub-speech-2024-132.pdf
website,https://occ.gov/news-issuances/news-releases/2025/nr-ia-2025-53.html
pdf,https://occ.gov/news-issuances/news-releases/2025/nr-ia-2025-53a.pdf
website,https://www.occ.gov/topics/consumers-and-communities/consumer-protection/fraud-resources/check-fraud.html
website,https://www.occ.gov/topics/consumers-and-communities/consumer-protection/fraud-resources/consumer-product-and-retail-fraud.html
website,https://www.occ.gov/topics/consumers-and-communities/consumer-protection/fraud-resources/credit-card-and-debit-card-fraud.html
website,https://www.occ.gov/topics/consumers-and-communities/consumer-protection/fraud-resources/debt-collection-fraud.html
website,https://www.occ.gov/topics/consumers-and-communities/consumer-protection/fraud-resources/types-of-consumer-fraud.html
website,https://www.occ.gov/topics/consumers-and-communities/consumer-protection/fraud-resources/financial-and-investment-fraud-.html
website,https://www.occ.gov/topics/consumers-and-communities/consumer-protection/fraud-resources/holiday-and-gift-card-scams.html
website,https://www.occ.gov/topics/consumers-and-communities/consumer-protection/fraud-resources/identity-theft.html
website,https://www.occ.gov/topics/consumers-and-communities/consumer-protection/fraud-resources/imposter-scams.html
website,https://www.occ.gov/topics/consumers-and-communities/consumer-protection/fraud-resources/mortgage-fraud.html
website,https://www.occ.gov/topics/consumers-and-communities/consumer-protection/fraud-resources/online-and-digital-scams.html
website,https://occ.gov/news-issuances/bulletins/2024/bulletin-2024-19.html
website,https://occ.gov/topics/supervision-and-examination/bsa/index-bsa.html
website,https://occ.gov/news-issuances/news-releases/2025/nr-occ-2025-90.html
website,https://occ.gov/news-issuances/bulletins/2025/bulletin-2025-12.html
website,https://www.occ.gov/news-issuances/bulletins/2019/bulletin-2019-37.html
website,https://occ.gov/news-issuances/bulletins/2024/bulletin-2024-29.html